Subject;Age;Gender
8g4y;24;M
qw5t;25;F
h8r2;26;M
2z7d;24;M
j9h8;26;M
9t6n;24;F
u3v9;28;F
w2t5;25;M
7m3c;27;M
6k5f;31;M
r5s8;37;M
x1q3;34;F
y9z6;28;F
4e8r;28;M
5f7t;23;M
6g6y;26;M
7h5u;25;M
8i4i;24;M
9j3o;25;M
a1k9;25;F
b2l8;25;M
c3m7;26;F
d4n6;24;F
e5p4;29;M
f6q3;54;F
g7r2;26;M
h8s1;34;M
i9t9;55;M
j1u8;39;M
k2v7;;F
m8g5;26;M
P9l3;28;M
G9j5;24;M
H7j3;47;F
Y8c3;24;M
B9w0;28;F
T6v9;26;M
hh2e;24;F
wfsl;25;F
37ir;27;M
hvpa;34;M
ql3b;24;F
r0a3;33;M
qx2o;27;M
wssm;26;M
ctzy;30;M
uyrl;28;M
v8mh;39;M
45lx;45;M
r3zm;32;F
2hpu;23;M
4woj;31;M
cxj0;24;F
tmvd;28;M
2ea4;24;M
71i5;21;M
kkf5;46;M
uymz;26;M
iqyg;25;M
9txq;28;M
kycf;24;M
k67g;27;M
chdf;30;M
bfl5;28;M
dmbd;25;F